,userId,movieId,rating,timestamp
0,1,2,3.5,1112486027
1,1,29,3.5,1112484676
2,1,32,3.5,1112484819
3,1,47,3.5,1112484727
4,1,50,3.5,1112484580
5,1,112,3.5,1094785740
6,1,151,4.0,1094785734
7,1,223,4.0,1112485573
8,1,253,4.0,1112484940
9,1,260,4.0,1112484826
10,1,293,4.0,1112484703
11,1,296,4.0,1112484767
12,1,318,4.0,1112484798
13,1,337,3.5,1094785709
14,1,367,3.5,1112485980
15,1,541,4.0,1112484603
16,1,589,3.5,1112485557
17,1,593,3.5,1112484661
18,1,653,3.0,1094785691
19,1,919,3.5,1094785621
20,1,924,3.5,1094785598
21,1,1009,3.5,1112486013
22,1,1036,4.0,1112485480
23,1,1079,4.0,1094785665
24,1,1080,3.5,1112485375
25,1,1089,3.5,1112484669
26,1,1090,4.0,1112485453
27,1,1097,4.0,1112485701
28,1,1136,3.5,1112484609
29,1,1193,3.5,1112484690
30,1,1196,4.5,1112484742
31,1,1198,4.5,1112484624
32,1,1200,4.0,1112484560
33,1,1201,3.0,1112484642
34,1,1208,3.5,1112484815
35,1,1214,4.0,1094785977
36,1,1215,4.0,1094786082
37,1,1217,3.5,1112484810
38,1,1219,4.0,1094785994
39,1,1222,3.5,1112484637
40,1,1240,4.0,1112485401
41,1,1243,3.0,1112485567
42,1,1246,3.5,1094785759
43,1,1249,4.0,1112485382
44,1,1258,4.0,1094785994
45,1,1259,4.0,1112485440
46,1,1261,3.5,1094786113
47,1,1262,3.5,1112484735
48,1,1266,4.0,1112485371
49,1,1278,4.0,1094785986
50,1,1291,3.5,1112485525
51,1,1304,3.0,1094785720
52,1,1321,4.0,1094786062
53,1,1333,4.0,1112484990
54,1,1348,3.5,1094786056
55,1,1350,3.5,1094786158
56,1,1358,4.0,1112485419
57,1,1370,3.0,1094785764
58,1,1374,4.0,1094785746
59,1,1387,4.0,1112484913
60,1,1525,3.0,1112486150
61,1,1584,3.5,1094785656
62,1,1750,3.5,1112486201
63,1,1848,3.5,1112486032
64,1,1920,3.5,1112486098
65,1,1967,4.0,1112485739
66,1,1994,3.5,1094786087
67,1,1997,3.5,1094786034
68,1,2021,4.0,1112485929
69,1,2100,4.0,1112485955
70,1,2118,4.0,1094786092
71,1,2138,4.0,1112485789
72,1,2140,4.0,1112485705
73,1,2143,4.0,1112485951
74,1,2173,4.0,1112485887
75,1,2174,4.0,1112485843
76,1,2193,4.0,1112485753
77,1,2194,3.5,1112485486
78,1,2253,3.5,1112486122
79,1,2288,4.0,1094786077
80,1,2291,4.0,1094785777
81,1,2542,4.0,1112485447
82,1,2628,4.0,1112485988
83,1,2644,3.5,1112484994
84,1,2648,3.5,1094786017
85,1,2664,3.5,1094786148
86,1,2683,3.5,1094785650
87,1,2692,3.5,1112484749
88,1,2716,3.5,1094786012
89,1,2761,3.0,1112484759
90,1,2762,4.0,1112485367
91,1,2804,3.5,1112485414
92,1,2872,4.0,1112485697
93,1,2918,3.5,1112485465
94,1,2944,4.0,1112485433
95,1,2947,3.5,1112485580
96,1,2959,4.0,1094785698
97,1,2968,4.0,1112485825
98,1,3000,3.5,1112484569
99,1,3030,3.0,1112484548
100,1,3037,3.5,1112485563
101,1,3081,4.0,1094786143
102,1,3153,4.0,1112485816
103,1,3265,3.5,1112484525
104,1,3438,3.5,1112486094
105,1,3476,3.5,1094786139
106,1,3479,4.0,1112485734
107,1,3489,4.0,1112486024
108,1,3499,4.0,1112484918
109,1,3889,4.0,1112486138
110,1,3932,3.0,1094786172
111,1,3996,4.0,1094785727
112,1,3997,3.5,1112486192
113,1,4011,4.0,1112485406
114,1,4027,4.0,1112485460
115,1,4105,3.5,1094786104
116,1,4128,4.0,1112484933
117,1,4133,3.0,1112486169
118,1,4226,3.5,1112484493
119,1,4306,4.0,1094785784
120,1,4446,3.5,1112485970
121,1,4467,4.0,1112485822
122,1,4571,4.0,1112485880
123,1,4720,3.5,1094786008
124,1,4754,4.0,1112484983
125,1,4878,3.5,1112484537
126,1,4896,4.0,1112485731
127,1,4911,4.0,1112485961
128,1,4915,3.0,1112486076
129,1,4941,3.5,1112486007
130,1,4980,3.5,1112486055
131,1,4993,5.0,1112484682
132,1,5026,4.0,1112485858
133,1,5039,4.0,1112485898
134,1,5040,3.0,1112486086
135,1,5146,3.5,1094786132
136,1,5171,4.0,1112486104
137,1,5540,4.0,1112485905
138,1,5679,3.5,1094786108
139,1,5797,4.0,1112485871
140,1,5816,4.0,1112485720
141,1,5898,3.5,1112486002
142,1,5952,5.0,1112484619
143,1,5999,3.5,1112486150
144,1,6093,4.0,1112485713
145,1,6242,3.5,1094786004
146,1,6333,4.0,1112485502
147,1,6502,3.5,1094786048
148,1,6539,4.0,1112485508
149,1,6754,4.0,1112485984
150,1,6755,3.5,1094786067
151,1,6774,4.0,1112485786
152,1,6807,3.5,1112484686
153,1,6834,3.5,1112486060
154,1,6888,3.0,1112486127
155,1,7001,3.5,1094786101
156,1,7045,3.5,1112485834
157,1,7046,4.0,1112485934
158,1,7153,5.0,1112484633
159,1,7164,3.5,1112485923
160,1,7247,3.5,1112485958
161,1,7387,3.5,1094786161
162,1,7389,4.0,1112486045
163,1,7438,4.0,1112484789
164,1,7449,3.5,1112486163
165,1,7454,4.0,1112486108
166,1,7482,3.0,1112484575
167,1,7757,4.0,1112485819
168,1,8368,4.0,1112485688
169,1,8482,3.5,1112485781
170,1,8507,5.0,1094786027
171,1,8636,4.5,1112485493
172,1,8690,3.5,1112484795
173,1,8961,4.0,1112485629
174,1,31696,4.0,1112485748
175,2,3,4.0,974820889
176,2,62,5.0,974820598
177,2,70,5.0,974820691
178,2,110,4.0,974820658
179,2,242,3.0,974820776
180,2,260,5.0,974821014
181,2,266,5.0,974820748
182,2,469,3.0,974820598
183,2,480,5.0,974820720
184,2,541,5.0,974821014
185,2,589,5.0,974820658
186,2,891,2.0,974820969
187,2,908,4.0,974820691
188,2,924,5.0,974821014
189,2,1121,3.0,974820598
190,2,1196,5.0,974821014
191,2,1210,5.0,974820598
192,2,1214,5.0,974821014
193,2,1249,5.0,974820691
194,2,1259,5.0,974820659
195,2,1270,5.0,974821014
196,2,1327,5.0,974820846
197,2,1356,5.0,974820598
198,2,1544,5.0,974820943
199,2,1580,4.0,974820748
200,2,1673,4.0,974820776
201,2,1748,5.0,974821014
202,2,1965,3.0,974820720
203,2,1969,2.0,974820969
204,2,1970,2.0,974820969
205,2,1971,2.0,974820943
206,2,1972,2.0,974820969
207,2,1973,3.0,974820916
208,2,1974,5.0,974820598
209,2,1986,2.0,974820969
210,2,2291,2.0,974820748
211,2,2454,4.0,974820916
212,2,2455,4.0,974820720
213,2,2791,2.0,974820659
214,2,2858,3.0,974820659
215,2,2948,5.0,974820659
216,2,2951,4.0,974820598
217,2,3150,4.0,974820720
218,2,3159,3.0,974820598
219,2,3173,4.0,974820869
220,2,3450,5.0,974820846
221,2,3513,5.0,974820659
222,2,3534,3.0,974820889
223,2,3555,4.0,974820748
224,2,3565,3.0,974820776
225,2,3703,4.0,974821014
226,2,3753,4.0,974820691
227,2,3917,4.0,974820720
228,2,3918,3.0,974820943
229,2,3923,4.0,974820943
230,2,3926,4.0,974820889
231,2,3927,5.0,974820748
232,2,3928,5.0,974820776
233,2,3930,5.0,974820943
234,2,3937,4.0,974820916
235,2,3959,5.0,974820659
236,3,1,4.0,944919407
237,3,24,3.0,945176048
238,3,32,4.0,944918047
239,3,50,5.0,944918018
240,3,160,3.0,945176048
241,3,173,2.0,945176099
242,3,175,5.0,944919133
243,3,196,3.0,945175939
244,3,223,5.0,944918444
245,3,260,5.0,944917742
246,3,316,5.0,945175870
247,3,318,5.0,944917766
248,3,329,5.0,945176021
249,3,337,3.0,944919366
250,3,440,3.0,944918500
251,3,442,3.0,945176005
252,3,457,5.0,944918215
253,3,480,5.0,945175820
254,3,490,5.0,944919041
255,3,512,2.0,945176005
256,3,541,5.0,944918047
257,3,589,4.0,944897108
258,3,593,5.0,944918215
259,3,610,4.0,944919671
260,3,718,3.0,944917267
261,3,780,3.0,945175820
262,3,788,4.0,945175750
263,3,858,5.0,944917267
264,3,904,5.0,944917450
265,3,905,3.0,944917494
266,3,919,4.0,944917558
267,3,924,5.0,944917812
268,3,953,5.0,944917912
269,3,968,3.0,945175658
270,3,1037,3.0,945175963
271,3,1060,5.0,944918310
272,3,1073,5.0,944918444
273,3,1077,4.0,944918167
274,3,1079,4.0,944917797
275,3,1084,5.0,944918103
276,3,1089,5.0,944917558
277,3,1094,4.0,944918878
278,3,1097,5.0,944918980
279,3,1103,4.0,944917945
280,3,1125,4.0,944918800
281,3,1127,3.0,945175784
282,3,1129,5.0,945175784
283,3,1179,3.0,944918103
284,3,1188,2.0,944897108
285,3,1193,4.0,944917420
286,3,1196,5.0,944917859
287,3,1197,5.0,944918215
288,3,1198,5.0,944917797
289,3,1199,4.0,944919671
290,3,1200,4.0,944918444
291,3,1206,5.0,944918047
292,3,1208,5.0,944917666
293,3,1210,5.0,944918856
294,3,1213,5.0,944917691
295,3,1214,5.0,944918856
296,3,1215,4.0,945175658
297,3,1219,4.0,944917371
298,3,1220,5.0,944919330
299,3,1221,5.0,944917294
300,3,1222,5.0,944918407
301,3,1225,3.0,944917494
302,3,1228,3.0,944917396
303,3,1230,5.0,944917348
304,3,1240,5.0,944919330
305,3,1242,5.0,944918378
306,3,1247,5.0,944917494
307,3,1257,5.0,944919310
308,3,1258,5.0,944918103
309,3,1259,5.0,944918292
310,3,1261,5.0,944918444
311,3,1266,5.0,944918631
312,3,1270,5.0,944919671
313,3,1272,4.0,944918124
314,3,1276,5.0,944917691
315,3,1278,5.0,944917980
316,3,1288,2.0,944917420
317,3,1304,5.0,944918215
318,3,1307,4.0,944918103
319,3,1321,5.0,944918821
320,3,1330,3.0,944919083
321,3,1333,4.0,944918718
322,3,1345,4.0,944918718
323,3,1356,5.0,945175870
324,3,1372,3.0,945175820
325,3,1373,4.0,945176072
326,3,1374,5.0,944919728
327,3,1375,5.0,945175939
328,3,1376,4.0,944919671
329,3,1396,3.0,945175702
330,3,1544,4.0,945176005
331,3,1584,4.0,945175784
332,3,1603,4.0,945175870
333,3,1653,4.0,945175730
334,3,1674,4.0,944918748
335,3,1676,5.0,945175784
336,3,1721,4.0,944897108
337,3,1762,4.0,945176072
338,3,1779,3.0,945175939
339,3,1810,3.0,944919366
340,3,1831,5.0,945176048
341,3,1876,4.0,945175963
342,3,1882,4.0,945176072
343,3,1909,5.0,945175896
344,3,1917,4.0,945175963
345,3,1921,4.0,945175702
346,3,2009,5.0,945175730
347,3,2011,3.0,944897108
348,3,2012,3.0,945176021
349,3,2018,4.0,944918590
350,3,2028,4.0,944918378
351,3,2034,4.0,945176099
352,3,2046,5.0,945175870
353,3,2053,3.0,945176099
354,3,2054,4.0,945175939
355,3,2076,5.0,944918683
356,3,2093,5.0,944919671
357,3,2105,4.0,944919728
358,3,2117,5.0,944918444
359,3,2118,5.0,944897108
360,3,2140,4.0,945175784
361,3,2150,5.0,944919001
362,3,2236,4.0,944918292
363,3,2288,5.0,944919671
364,3,2311,4.0,944919729
365,3,2329,4.0,944918748
366,3,2366,4.0,944918310
367,3,2371,4.0,944918915
368,3,2391,5.0,944918215
369,3,2407,4.0,945175896
370,3,2428,4.0,945175870
371,3,2448,5.0,944897783
372,3,2455,4.0,944919729
373,3,2505,4.0,944897783
374,3,2528,4.0,945175784
375,3,2529,5.0,945175680
376,3,2530,4.0,945175939
377,3,2531,3.0,945175820
378,3,2532,4.0,945175963
379,3,2533,3.0,945175702
380,3,2541,1.0,944897441
381,3,2551,4.0,944918610
382,3,2567,3.0,944897654
383,3,2571,5.0,945175658
384,3,2574,3.0,944897877
385,3,2613,4.0,945175820
386,3,2615,4.0,945176005
387,3,2628,5.0,945175939
388,3,2640,4.0,945175730
389,3,2642,3.0,945176099
390,3,2643,1.0,945176099
391,3,2657,3.0,945175730
392,3,2662,3.0,945175658
393,3,2668,4.0,945176048
394,3,2676,1.0,944897405
395,3,2694,4.0,944897855
396,3,2699,3.0,945175870
397,3,2710,5.0,944897405
398,3,2722,4.0,944897654
399,3,2750,4.0,944918444
400,3,2788,5.0,944918516
401,3,2791,5.0,944917666
402,3,2797,4.0,944918980
403,3,2808,4.0,945176072
404,3,2857,3.0,944897405
405,3,2872,5.0,944919898
406,3,2900,3.0,945175820
407,3,2901,3.0,945175784
408,3,2916,4.0,945175730
409,3,2918,5.0,944918500
410,3,2947,4.0,944919407
411,3,2948,4.0,944918864
412,3,2949,4.0,944918980
413,3,2968,5.0,944919672
414,3,2985,5.0,944919729
415,3,2986,2.0,945176048
416,3,3033,5.0,944919729
417,3,3039,5.0,944919189
418,3,3070,4.0,944919729
419,3,3072,4.0,944918567
420,3,3098,4.0,944918468
421,3,3142,4.0,944917348
422,3,5060,5.0,944917450
423,4,6,3.0,840879227
424,4,10,4.0,840878922
425,4,19,3.0,840878994
426,4,32,1.0,840879061
427,4,165,3.0,840878852
428,4,329,3.0,840878898
429,4,350,4.0,840879087
430,4,356,4.0,840878922
431,4,367,3.0,840878994
432,4,368,4.0,840879198
433,4,370,4.0,840879243
434,4,377,4.0,840878994
435,4,380,3.0,840878825
436,4,420,3.0,840879019
437,4,431,4.0,840879357
438,4,440,3.0,840879087
439,4,454,5.0,840878944
440,4,480,4.0,840878944
441,4,489,4.0,840879575
442,4,519,3.0,840879523
443,4,520,4.0,840879282
444,4,531,3.0,840879457
445,4,548,3.0,840879654
446,4,586,4.0,840879038
447,4,589,4.0,840878962
448,4,594,4.0,840879265
449,4,596,4.0,840879424
450,4,733,5.0,840879322
451,5,2,3.0,851527569
452,5,11,5.0,851527751
453,5,17,3.0,851526935
454,5,60,3.0,851617589
455,5,62,5.0,851526935
456,5,104,2.0,851526992
457,5,110,4.0,851527569
458,5,140,2.0,851527012
459,5,141,5.0,851526935
460,5,150,5.0,851527514
461,5,224,2.0,851527650
462,5,235,3.0,851527723
463,5,260,5.0,851527608
464,5,282,4.0,851527569
465,5,316,4.0,851617633
466,5,318,5.0,851527608
467,5,350,4.0,851527688
468,5,364,5.0,851527569
469,5,367,3.0,851527650
470,5,368,5.0,851527650
471,5,370,4.0,851527608
472,5,376,4.0,851617474
473,5,377,5.0,851527723
474,5,380,5.0,851527515
475,5,440,5.0,851527569
476,5,454,5.0,851527723
477,5,457,5.0,851527515
478,5,475,4.0,851527650
479,5,480,4.0,851527515
480,5,491,4.0,851527607
481,5,500,5.0,851527569
482,5,508,5.0,851527688
483,5,515,3.0,851527751
484,5,529,4.0,851527650
485,5,531,5.0,851527751
486,5,587,4.0,851527608
487,5,588,5.0,851527688
488,5,589,5.0,851527569
489,5,590,5.0,851527514
490,5,593,3.0,851527515
491,5,594,5.0,851617589
492,5,595,5.0,851527515
493,5,608,3.0,851526961
494,5,631,3.0,851527056
495,5,648,3.0,851526935
496,5,671,5.0,851527056
497,5,708,3.0,851526991
498,5,720,5.0,851527650
499,5,736,5.0,851526935
500,5,780,5.0,851526935
501,5,788,3.0,851526992
502,5,832,5.0,851527074
503,5,1028,5.0,851617633
504,5,1035,5.0,851617589
505,5,1036,5.0,851527607
506,5,1042,4.0,851527152
507,5,1073,2.0,851526991
508,5,1079,5.0,851617553
509,5,1080,5.0,851617674
510,5,1097,5.0,851527723
511,5,1136,5.0,851617728
512,5,1196,5.0,851617674
513,5,1198,5.0,851617674
514,5,1210,5.0,851617674
515,5,1291,5.0,851617728
516,5,1393,5.0,851527231
517,6,1,5.0,858275452
518,6,3,3.0,858275558
519,6,7,5.0,858275558
520,6,17,5.0,858275452
521,6,52,5.0,858275658
522,6,62,5.0,858275452
523,6,135,3.0,858275783
524,6,140,4.0,858275917
525,6,141,5.0,858275452
526,6,260,4.0,858275658
527,6,494,4.0,858275558
528,6,628,4.0,858275783
529,6,648,5.0,858275452
530,6,653,4.0,858275658
531,6,708,4.0,858275658
532,6,719,3.0,858275917
533,6,733,3.0,858275558
534,6,736,2.0,858275452
535,6,743,3.0,858275917
536,6,762,3.0,858275782
537,6,780,3.0,858275452
538,6,788,4.0,858275658
539,6,802,3.0,858275783
540,6,1073,1.0,858275558
541,7,3,3.0,1011208463
542,7,7,3.0,1011208220
543,7,11,4.0,1011207889
544,7,15,2.0,1011208732
545,7,16,3.0,1011205378
546,7,17,2.0,1011207676
547,7,24,3.0,1011207238
548,7,105,2.0,1011208366
549,7,122,2.0,1011208569
550,7,151,3.0,1011207965
551,7,252,2.0,1011208263
552,7,260,5.0,1011206659
553,7,271,3.0,1011206217
554,7,276,2.0,1011208655
555,7,316,3.0,1011207019
556,7,339,3.0,1011208090
557,7,348,4.0,1011206046
558,7,351,3.0,1011208637
559,7,355,3.0,1011205262
560,7,356,4.0,1011207775
561,7,357,3.0,1011208038
562,7,362,3.0,1011208344
563,7,364,4.0,1011204536
564,7,377,3.0,1011207889
565,7,425,3.0,1011208463
566,7,440,4.0,1011207860
567,7,480,5.0,1011206779
568,7,509,2.0,1011206595
569,7,539,4.0,1011208000
570,7,553,4.0,1011205651
571,7,587,5.0,1011208220
572,7,589,5.0,1011206456
573,7,590,4.0,1011205480
574,7,597,4.0,1011207938
575,7,674,2.0,1011207238
576,7,708,3.0,1011208066
577,7,736,3.0,1011208161
578,7,750,5.0,1011206659
579,7,780,4.0,1011206898
580,7,788,3.0,1011208527
581,7,806,1.0,1011206295
582,7,852,3.0,1011207889
583,7,880,3.0,1011207270
584,7,899,4.0,1011207810
585,7,908,4.0,1011204510
586,7,912,5.0,1011204596
587,7,914,3.0,1011207916
588,7,920,4.0,1011207700
589,7,922,3.0,1011207570
590,7,924,3.0,1011206698
591,7,928,3.0,1011207775
592,7,932,3.0,1011207830
593,7,952,3.0,1011206498
594,7,1017,4.0,1011205481
595,7,1020,3.0,1011205333
596,7,1077,5.0,1011206898
597,7,1094,3.0,1011208038
598,7,1095,1.0,1011205422
599,7,1097,4.0,1011206698
600,7,1101,3.0,1011208112
601,7,1183,3.0,1011208187
602,7,1196,5.0,1011204572
603,7,1206,2.0,1011206732
604,7,1210,5.0,1011204654
605,7,1230,3.0,1011204486
606,7,1247,4.0,1011207643
607,7,1253,4.0,1011206659
608,7,1256,5.0,1011205262
609,7,1259,3.0,1011205422
610,7,1265,4.0,1011207810
611,7,1270,4.0,1011206698
612,7,1271,4.0,1011206065
613,7,1272,4.0,1011205286
614,7,1301,3.0,1011206732
615,7,1307,3.0,1011207700
616,7,1343,3.0,1011205940
617,7,1357,4.0,1011207860
618,7,1385,4.0,1011205234
619,7,1391,2.0,1011207019
620,7,1393,3.0,1011207810
621,7,1408,3.0,1011208161
622,7,1409,2.0,1011208550
623,7,1441,3.0,1011208134
624,7,1449,4.0,1011206549
625,7,1466,3.0,1011206375
626,7,1513,2.0,1011209284
627,7,1517,3.0,1011205998
628,7,1544,4.0,1011207079
629,7,1573,3.0,1011206928
630,7,1580,3.0,1011206832
631,7,1597,3.0,1011208263
632,7,1617,3.0,1011204620
633,7,1674,4.0,1011207749
634,7,1682,2.0,1011206217
635,7,1721,5.0,1011207965
636,7,1777,4.0,1011207938
637,7,1882,3.0,1011207311
638,7,1888,3.0,1011208527
639,7,1894,3.0,1011208487
640,7,1911,4.0,1011209096
641,7,1917,4.0,1011206898
642,7,1932,3.0,1011205998
643,7,1964,3.0,1011205355
644,7,2011,4.0,1011207019
645,7,2012,4.0,1011207019
646,7,2013,3.0,1011209284
647,7,2018,4.0,1011205698
648,7,2028,5.0,1011205481
649,7,2054,3.0,1011207123
650,7,2067,3.0,1011207700
651,7,2080,4.0,1011206022
652,7,2081,3.0,1011206498
653,7,2108,3.0,1011208112
654,7,2112,3.0,1011206498
655,7,2125,3.0,1011207786
656,7,2146,3.0,1011208463
657,7,2195,2.0,1011206188
658,7,2243,3.0,1011205422
659,7,2266,2.0,1011208608
660,7,2297,3.0,1011205452
661,7,2311,3.0,1011207182
662,7,2316,3.0,1011208487
663,7,2333,3.0,1011209161
664,7,2346,3.0,1011207052
665,7,2363,3.0,1011206779
666,7,2367,3.0,1011206157
667,7,2384,3.0,1011205743
668,7,2385,2.0,1011208637
669,7,2390,4.0,1011209218
670,7,2396,3.0,1011207722
671,7,2403,4.0,1011206549
672,7,2405,4.0,1011208187
673,7,2407,4.0,1011205787
674,7,2424,3.0,1011208220
675,7,2427,3.0,1011206188
676,7,2463,4.0,1011206346
677,7,2468,2.0,1011205813
678,7,2469,3.0,1011205860
679,7,2478,2.0,1011205882
680,7,2498,2.0,1011207270
681,7,2529,4.0,1011206732
682,7,2535,3.0,1011205698
683,7,2546,3.0,1011209036
684,7,2558,3.0,1011208608
685,7,2598,3.0,1011209284
686,7,2628,4.0,1011206898
687,7,2633,3.0,1011208161
688,7,2640,4.0,1011206832
689,7,2641,4.0,1011206928
690,7,2642,3.0,1011207311
691,7,2654,4.0,1011205813
692,7,2657,2.0,1011207019
693,7,2664,4.0,1011207101
694,7,2671,4.0,1011208000
695,7,2683,3.0,1011208971
696,7,2694,3.0,1011209036
697,7,2701,3.0,1011205422
698,7,2716,4.0,1011209161
699,7,2722,3.0,1011207270
700,7,2723,3.0,1011209218
701,7,2734,2.0,1011209218
702,7,2752,4.0,1011205422
703,7,2762,5.0,1011209348
704,7,2770,2.0,1011209036
705,7,2858,3.0,1011208971
706,7,2861,3.0,1011205787
707,7,2881,4.0,1011209096
708,7,2908,4.0,1011209036
709,7,2916,3.0,1011206832
710,7,2942,5.0,1011206321
711,7,2950,3.0,1011206595
712,7,2959,4.0,1011209096
713,7,2968,2.0,1011206951
714,7,2987,4.0,1011207589
715,7,2993,4.0,1011204654
716,7,3004,2.0,1011208700
717,7,3032,2.0,1011206805
718,7,3033,2.0,1011207052
719,7,3037,4.0,1011206346
720,7,3039,3.0,1011205521
721,7,3062,3.0,1011204654
722,7,3074,3.0,1011206092
723,7,3081,2.0,1011204572
724,7,3086,4.0,1011205452
725,7,3103,2.0,1011206262
726,7,3108,3.0,1011208263
727,7,3118,3.0,1011205998
728,7,3156,3.0,1011207101
729,7,3175,2.0,1011206805
730,7,3176,2.0,1011209348
731,7,3179,5.0,1011208971
732,7,3185,3.0,1011209348
733,7,3194,4.0,1011206456
734,7,3199,2.0,1011207860
735,7,3219,2.0,1011209218
736,7,3235,3.0,1011205675
737,7,3244,3.0,1011208000
738,7,3334,3.0,1011207570
739,7,3341,4.0,1011205743
740,7,3354,3.0,1011207182
741,7,3363,4.0,1011206595
742,7,3408,4.0,1011209096
743,7,3417,5.0,1011206698
744,7,3448,4.0,1011206092
745,7,3469,4.0,1011204620
746,7,3479,5.0,1011207916
747,7,3501,3.0,1011208318
748,7,3510,4.0,1011209161
749,7,3512,4.0,1011209284
750,7,3524,4.0,1011208344
751,7,3526,3.0,1011206498
752,7,3527,3.0,1011206864
753,7,3528,2.0,1011208366
754,7,3578,5.0,1011209161
755,7,3593,2.0,1011207358
756,7,3671,4.0,1011206456
757,7,3684,3.0,1011208134
758,7,3699,4.0,1011206375
759,7,3701,3.0,1011207052
760,7,3717,2.0,1011209161
761,7,3753,4.0,1011209284
762,7,3754,2.0,1011208971
763,7,3793,4.0,1011206779
764,7,3798,2.0,1011209348
765,7,3824,2.0,1011208971
766,7,3826,4.0,1011207238
767,7,3827,3.0,1011206977
768,7,3844,3.0,1011206022
769,7,3864,3.0,1011207079
770,7,3911,4.0,1011205675
771,7,3926,3.0,1011207270
772,7,3932,4.0,1011206732
773,7,3959,4.0,1011206951
774,7,3977,4.0,1011209036
775,7,3978,3.0,1011207860
776,7,3987,4.0,1011208318
777,7,3988,4.0,1011205111
778,7,3994,3.0,1011206864
779,7,4018,3.0,1011208220
780,7,4019,4.0,1011206417
781,7,4023,3.0,1011207965
782,7,4041,4.0,1011207749
783,7,4062,3.0,1011208187
784,7,4155,3.0,1011208318
785,7,4186,4.0,1011207749
786,7,4270,3.0,1011205452
787,7,4306,5.0,1011205026
788,7,4308,4.0,1011205026
789,7,4310,3.0,1011205069
790,7,4317,3.0,1011208675
791,7,4339,4.0,1011205286
792,7,4349,3.0,1011205651
793,7,4361,3.0,1011207749
794,7,4368,3.0,1011205069
795,7,4370,2.0,1011206864
796,7,4464,2.0,1011207916
797,7,4503,3.0,1011208463
798,7,4545,4.0,1011206092
799,7,4603,2.0,1011206517
800,7,4626,4.0,1011207205
801,7,4638,4.0,1011205069
802,7,4639,2.0,1011205089
803,7,4643,4.0,1011206977
804,7,4661,2.0,1011205333
805,7,4700,3.0,1011205521
806,7,4736,3.0,1011205131
807,7,4799,5.0,1011205333
808,7,4848,1.0,1011204747
809,7,4867,4.0,1011204803
810,7,4874,4.0,1011204833
811,7,4896,3.0,1011204747
812,7,4963,5.0,1011204773
813,7,4993,4.0,1011204747
814,7,4994,4.0,1011204833
815,7,4995,3.0,1011204879
816,7,5009,3.0,1011204899
817,8,1,4.0,833981871
818,8,3,5.0,833981733
819,8,6,3.0,833982631
820,8,10,4.0,833981834
821,8,19,1.0,833981918
822,8,21,4.0,833981710
823,8,39,3.0,833981963
824,8,47,5.0,833981896
825,8,48,4.0,833982197
826,8,110,5.0,833981870
827,8,150,4.0,833973081
828,8,153,3.0,833973175
829,8,161,4.0,833981804
830,8,165,3.0,833973175
831,8,168,3.0,833982178
832,8,172,1.0,833982178
833,8,173,3.0,833981993
834,8,185,2.0,834586861
835,8,207,4.0,833982765
836,8,208,3.0,833981834
837,8,231,3.0,835087532
838,8,236,4.0,833982013
839,8,253,4.0,833981834
840,8,266,5.0,833981963
841,8,276,3.0,833982244
842,8,277,4.0,833982245
843,8,288,5.0,833981870
844,8,292,4.0,833981834
845,8,296,5.0,833973081
846,8,316,2.0,833973235
847,8,329,3.0,833973235
848,8,338,2.0,834586900
849,8,339,4.0,833981834
850,8,344,3.0,833973175
851,8,349,5.0,833973175
852,8,350,4.0,833982244
853,8,353,3.0,833982683
854,8,355,2.0,833982808
855,8,356,5.0,833982259
856,8,357,4.0,833982790
857,8,364,4.0,833982013
858,8,367,3.0,833982133
859,8,372,4.0,834587089
860,8,377,4.0,833982715
861,8,380,4.0,833973081
862,8,381,4.0,833982668
863,8,434,5.0,833981804
864,8,442,4.0,833982259
865,8,454,4.0,835087603
866,8,457,5.0,833981896
867,8,480,4.0,833982648
868,8,500,4.0,833982790
869,8,508,3.0,833982957
870,8,527,5.0,833973298
871,8,539,4.0,833982860
872,8,550,4.0,834587074
873,8,551,4.0,833982668
874,8,552,3.0,833982859
875,8,553,5.0,833982013
876,8,587,4.0,833982889
877,8,588,3.0,833973175
878,8,589,5.0,833982668
879,8,590,5.0,833973081
880,8,592,4.0,833973081
881,8,593,5.0,833981896
882,8,595,3.0,835087532
883,8,597,5.0,833982889
884,8,610,4.0,833981710
885,8,648,5.0,834586915
886,8,733,4.0,834586590
887,9,356,4.0,994019198
888,9,858,5.0,994019177
889,9,1219,3.0,994019177
890,9,1911,3.0,994020644
891,9,1923,4.0,994020010
892,9,1997,5.0,994020231
893,9,2279,3.0,994019240
894,9,2605,2.0,994020680
895,9,2683,3.0,994020490
896,9,2688,3.0,994020834
897,9,2706,4.0,994020490
898,9,2710,3.0,994020516
899,9,2719,2.0,994020834
900,9,2722,2.0,994020644
901,9,2840,3.0,994020305
902,9,2841,4.0,994020264
903,9,2959,5.0,994020680
904,9,3016,2.0,994020644
905,9,3785,2.0,994019133
906,9,3798,5.0,994020379
907,9,3857,3.0,994020517
908,9,3908,2.0,994020078
909,9,3979,3.0,994019476
910,9,3994,3.0,994019432
911,9,3999,2.0,994019451
912,9,4022,4.0,994019320
913,9,4030,2.0,994019476
914,9,4034,1.0,994019320
915,9,4148,5.0,994020180
916,9,4369,4.0,994019656
917,9,4483,2.0,994019881
918,9,4502,1.0,994019848
919,9,4509,3.0,994019820
920,9,4519,2.0,994019800
921,9,4533,3.0,994019775
922,10,1,4.0,943497887
923,10,11,4.0,943497660
924,10,25,4.0,943497660
925,10,260,4.0,943497376
926,10,356,3.0,943497122
927,10,527,5.0,943497122
928,10,858,5.0,943497439
929,10,912,4.0,943497122
930,10,969,4.0,943497610
931,10,1094,3.0,943497284
932,10,1136,4.0,943497986
933,10,1196,4.0,943497180
934,10,1198,4.0,943497376
935,10,1204,3.0,943497122
936,10,1208,4.0,943497235
937,10,1210,4.0,943497610
938,10,1221,5.0,943497502
939,10,1222,3.0,943497235
940,10,1230,4.0,943497554
941,10,1240,4.0,943497502
942,10,1242,4.0,943497235
943,10,1247,5.0,943497554
944,10,1250,4.0,943497180
945,10,1304,3.0,943497986
946,10,1387,5.0,943497376
947,10,1721,4.0,943497610
948,10,1960,3.0,943497180
949,10,2028,4.0,943497180
950,10,2058,3.0,943497376
951,10,2194,4.0,943497502
952,10,2384,4.0,943497838
953,10,2529,3.0,943497376
954,10,2657,4.0,943497934
955,10,2797,4.0,943497934
956,10,2944,4.0,943497502
957,10,2948,4.0,943497502
958,10,3062,4.0,943497439
959,10,3107,3.0,943497376
960,11,1,4.5,1230858821
961,11,10,2.5,1230858959
962,11,19,3.5,1230783704
963,11,32,5.0,1230783095
964,11,39,4.5,1230859032
965,11,65,2.0,1230856649
966,11,110,4.0,1230853748
967,11,145,3.0,1230785947
968,11,150,5.0,1230785343
969,11,153,3.5,1230858914
970,11,158,4.0,1230853973
971,11,160,4.0,1230787621
972,11,165,4.0,1230858900
973,11,170,5.0,1230782534
974,11,172,5.0,1230787804
975,11,173,5.0,1230788954
976,11,185,4.0,1230859015
977,11,208,4.5,1230787870
978,11,231,4.0,1230858945
979,11,253,4.5,1230858996
980,11,256,5.0,1230788946
981,11,260,5.0,1230787560
982,11,286,0.5,1230787831
983,11,296,3.5,1230858799
984,11,316,3.5,1230788496
985,11,318,5.0,1230850571
986,11,344,3.5,1230783700
987,11,356,5.0,1230858804
988,11,364,4.0,1230858919
989,11,367,4.0,1230858954
990,11,377,4.0,1230858880
991,11,380,5.0,1251170857
992,11,384,3.5,1230785967
993,11,405,3.5,1230787663
994,11,410,4.0,1230783786
995,11,441,1.5,1230853962
996,11,442,4.5,1230788002
997,11,480,5.0,1230788713
998,11,500,4.5,1230858949
999,11,519,1.0,1230787591
1000,11,527,4.5,1251170861
1001,11,531,4.5,1230782539
1002,11,541,4.5,1230787503
1003,11,546,5.0,1230788928
1004,11,551,5.0,1230853957
1005,11,586,4.0,1230859027
1006,11,587,4.5,1230858969
1007,11,588,5.0,1251170867
1008,11,589,4.5,1230788848
1009,11,592,4.5,1230789445
1010,11,593,5.0,1230858809
1011,11,595,4.5,1230858904
1012,11,597,4.5,1230858934
1013,11,608,3.5,1230858873
1014,11,610,4.0,1230853952
1015,11,611,3.5,1230787801
1016,11,616,4.0,1230782542
1017,11,631,2.0,1230784338
1018,11,648,4.0,1230853720
1019,11,653,4.5,1251143205
1020,11,671,0.5,1230782626
1021,11,673,5.0,1230787775
1022,11,736,5.0,1251170912
1023,11,741,4.5,1230788659
1024,11,761,3.5,1230856213
1025,11,780,5.0,1230788340
1026,11,784,3.5,1230853947
1027,11,828,4.0,1230784021
1028,11,858,2.5,1230858924
1029,11,880,5.0,1230787643
1030,11,968,5.0,1251170109
1031,11,1028,4.0,1230853922
1032,11,1029,3.5,1230853917
1033,11,1032,4.0,1230784254
1034,11,1036,4.0,1230859011
1035,11,1046,4.5,1251144145
1036,11,1064,3.0,1230784195
1037,11,1073,5.0,1230853696
1038,11,1077,0.5,1230782602
1039,11,1093,3.0,1230782561
1040,11,1097,4.5,1230788620
1041,11,1136,4.5,1230853691
1042,11,1168,4.5,1230785998
1043,11,1169,1.5,1230784671
1044,11,1196,5.0,1230787560
1045,11,1197,4.0,1230858974
1046,11,1198,4.0,1230858888
1047,11,1200,5.0,1230784277
1048,11,1210,4.5,1230858825
1049,11,1213,1.5,1230853686
1050,11,1214,5.0,1230784258
1051,11,1215,3.0,1230785513
1052,11,1225,5.0,1230784460
1053,11,1240,5.0,1230788851
1054,11,1253,4.0,1230788606
1055,11,1255,4.0,1230786024
1056,11,1270,5.0,1230785922
1057,11,1274,5.0,1230784185
1058,11,1291,4.5,1230859001
1059,11,1320,5.0,1230784317
1060,11,1321,4.0,1230784904
1061,11,1339,5.0,1230853869
1062,11,1367,3.5,1230783065
1063,11,1387,4.0,1230859169
1064,11,1391,4.0,1251170543
1065,11,1432,1.0,1230857283
1066,11,1527,4.5,1230859076
1067,11,1544,5.0,1230787983
1068,11,1580,5.0,1230788734
1069,11,1584,4.0,1230788580
1070,11,1591,5.0,1230782724
1071,11,1653,5.0,1230788655
1072,11,1676,4.5,1230789404
1073,11,1688,3.0,1230785075
1074,11,1690,5.0,1230788078
1075,11,1721,4.0,1230858964
1076,11,1748,5.0,1230788594
1077,11,1862,1.0,1230788909
1078,11,1876,4.5,1230787997
1079,11,1882,4.0,1230787636
1080,11,1917,5.0,1230785499
1081,11,1961,3.5,1230859062
1082,11,1977,0.5,1230857275
1083,11,1982,1.0,1230782674
1084,11,2004,4.5,1230855910
1085,11,2011,5.0,1230785925
1086,11,2012,5.0,1230785927
1087,11,2018,4.0,1230786066
1088,11,2023,2.0,1230853853
1089,11,2028,5.0,1230857271
1090,11,2042,4.0,1230857266
1091,11,2105,4.5,1230789406
1092,11,2107,0.5,1230857260
1093,11,2123,2.5,1230784335
1094,11,2124,3.5,1230783788
1095,11,2134,5.0,1230789398
1096,11,2140,5.0,1230782563
1097,11,2143,3.0,1230855905
1098,11,2153,3.5,1230785789
1099,11,2232,4.5,1230788590
1100,11,2240,4.5,1230857238
1101,11,2291,5.0,1230853841
1102,11,2294,3.5,1230785306
1103,11,2313,4.5,1230782646
1104,11,2355,4.0,1230853836
1105,11,2378,3.0,1230855891
1106,11,2396,4.5,1230859056
1107,11,2420,3.0,1230923254
1108,11,2428,5.0,1230782694
1109,11,2455,5.0,1251170040
1110,11,2571,5.0,1230787515
1111,11,2572,5.0,1230783041
1112,11,2600,5.0,1230782748
1113,11,2628,4.5,1230858979
1114,11,2641,3.0,1230789391
1115,11,2642,4.0,1230788958
1116,11,2683,0.5,1230785729
1117,11,2688,3.5,1230782656
1118,11,2706,4.0,1230784732
1119,11,2716,5.0,1230788672
1120,11,2717,4.5,1230788110
1121,11,2720,4.0,1230854280
1122,11,2722,4.5,1230782583
1123,11,2761,4.5,1230788701
1124,11,2762,5.0,1251170922
1125,11,2793,5.0,1230784958
1126,11,2810,3.5,1230859489
1127,11,2827,4.0,1230785615
1128,11,2840,4.0,1230854275
1129,11,2858,5.0,1230784640
1130,11,2916,5.0,1230788870
1131,11,2959,4.5,1230857185
1132,11,2985,3.5,1251170690
1133,11,2990,0.5,1230854178
1134,11,3000,5.0,1230859482
1135,11,3033,4.0,1230789430
1136,11,3054,4.0,1230788921
1137,11,3083,3.5,1251143969
1138,11,3113,5.0,1230782719
1139,11,3114,5.0,1230853680
1140,11,3159,5.0,1230859507
1141,11,3213,3.0,1230859502
1142,11,3247,4.5,1230854150
1143,11,3269,5.0,1230789266
1144,11,3300,4.0,1230788503
1145,11,3396,0.5,1230782616
1146,11,3438,4.5,1230789252
1147,11,3525,5.0,1230785908
1148,11,3527,4.5,1230788764
1149,11,3535,2.0,1230784884
1150,11,3578,4.5,1230859008
1151,11,3697,4.5,1230789135
1152,11,3702,4.0,1230788726
1153,11,3703,3.0,1230788778
1154,11,3704,3.5,1230789353
1155,11,3745,4.5,1230788390
1156,11,3752,3.5,1230853817
1157,11,3753,5.0,1251143388
1158,11,3793,5.0,1230788886
1159,11,3826,3.5,1230787667
1160,11,3863,3.5,1230853813
1161,11,3864,4.0,1251170399
1162,11,3892,4.0,1230785081
1163,11,3897,4.0,1230784412
1164,11,3969,5.0,1230854128
1165,11,3980,4.0,1230854124
1166,11,3988,4.0,1230854101
1167,11,3991,3.0,1230783076
1168,11,3994,5.0,1251170238
1169,11,4006,2.0,1230789381
1170,11,4015,2.0,1230789053
1171,11,4052,2.5,1230785298
1172,11,4054,4.0,1230854094
1173,11,4105,2.0,1230854086
1174,11,4133,3.5,1230787739
1175,11,4226,5.0,1294796159
1176,11,4232,2.5,1230854080
1177,11,4235,5.0,1230785037
1178,11,4246,3.0,1230853806
1179,11,4262,2.0,1230853801
1180,11,4299,5.0,1230854075
1181,11,4306,4.5,1230859022
1182,11,4340,4.0,1230785185
1183,11,4343,3.0,1230787858
1184,11,4366,4.5,1230785667
1185,11,4370,5.0,1230783574
1186,11,4388,5.0,1230854073
1187,11,4446,4.5,1230789319
1188,11,4492,4.0,1251170625
1189,11,4533,3.5,1230789386
1190,11,4571,5.0,1251170564
1191,11,4638,5.0,1230787823
1192,11,4643,4.5,1230782529
1193,11,4718,3.0,1230784737
1194,11,4792,4.0,1230783100
1195,11,4850,3.0,1230788055
1196,11,4868,2.5,1230787279
1197,11,4878,5.0,1230787506
1198,11,4887,5.0,1230787884
1199,11,4896,5.0,1230859199
1200,11,4973,3.5,1230920197
1201,11,4974,4.5,1230857019
1202,11,4993,5.0,1230853675
1203,11,4995,4.0,1230920211
1204,11,5046,4.5,1230789277
1205,11,5151,4.0,1230783478
1206,11,5152,4.5,1230920144
1207,11,5171,5.0,1230787846
1208,11,5219,5.0,1230788070
1209,11,5220,3.0,1230856804
1210,11,5225,4.0,1251144006
1211,11,5266,4.5,1230854070
1212,11,5283,4.0,1230856800
1213,11,5299,4.5,1230853796
1214,11,5323,3.0,1230787610
1215,11,5349,5.0,1230788806
1216,11,5377,5.0,1230783644
1217,11,5378,4.5,1230789329
1218,11,5400,3.5,1230854065
1219,11,5444,4.5,1251169720
1220,11,5445,4.5,1230788741
1221,11,5459,5.0,1230787901
1222,11,5463,4.5,1230789238
1223,11,5502,4.5,1230789426
1224,11,5618,4.5,1230853791
1225,11,5669,5.0,1230853788
1226,11,5782,4.0,1230854061
1227,11,5816,5.0,1230853783
1228,11,5882,5.0,1251170529
1229,11,5903,5.0,1230788633
1230,11,5952,5.0,1230859039
1231,11,5971,5.0,1294796201
1232,11,6016,5.0,1230859193
1233,11,6094,4.0,1230787978
1234,11,6250,5.0,1251170336
1235,11,6264,2.5,1230789023
1236,11,6281,5.0,1230854056
1237,11,6283,2.5,1230788584
1238,11,6287,1.0,1230785165
1239,11,6291,5.0,1294796113
1240,11,6294,4.0,1251170405
1241,11,6333,5.0,1230788888
1242,11,6365,5.0,1230788478
1243,11,6377,5.0,1230853778
1244,11,6378,3.5,1230859187
1245,11,6383,3.0,1230783226
1246,11,6502,5.0,1230783392
1247,11,6503,3.5,1230854051
1248,11,6534,4.0,1230789183
1249,11,6537,3.5,1230789294
1250,11,6539,5.0,1230853775
1251,11,6541,4.0,1230787787
1252,11,6548,2.5,1230785957
1253,11,6586,3.0,1230784901
1254,11,6624,2.0,1230784116
1255,11,6659,4.5,1230789394
1256,11,6711,2.0,1230853763
1257,11,6731,4.5,1251169969
1258,11,6795,2.5,1230787751
1259,11,6863,5.0,1230853768
1260,11,6874,4.0,1230853758
1261,11,6934,5.0,1230788346
1262,11,6953,4.5,1230854046
1263,11,6979,5.0,1251170251
1264,11,6996,4.0,1230856754
1265,11,7022,4.5,1230788539
1266,11,7099,4.5,1230787521
1267,11,7153,5.0,1294796132
1268,11,7163,4.5,1230789208
1269,11,7173,4.5,1230784442
1270,11,7254,5.0,1230788552
1271,11,7293,4.5,1230783500
1272,11,7345,2.0,1230784119
1273,11,7361,5.0,1230787509
1274,11,7439,3.5,1230856746
1275,11,7444,5.0,1230783123
1276,11,7458,4.5,1230920139
1277,11,7481,5.0,1230788624
1278,11,7541,4.5,1230783053
1279,11,7845,4.0,1230789100
1280,11,7846,3.5,1230789034
1281,11,8169,5.0,1230783004
1282,11,8361,4.5,1230787955
1283,11,8368,4.0,1230859180
1284,11,8371,4.5,1230789270
1285,11,8578,2.0,1230788250
1286,11,8622,3.5,1230853753
1287,11,8636,4.5,1230788810
1288,11,8640,4.0,1230856739
1289,11,8641,3.0,1230785093
1290,11,8644,5.0,1230788473
1291,11,8800,2.0,1230788359
1292,11,8810,5.0,1230783579
1293,11,8861,2.5,1230787838
1294,11,8865,4.0,1230789324
1295,11,8870,4.5,1230789074
1296,11,8907,4.0,1230856729
1297,11,8965,5.0,1230856675
1298,11,8972,4.5,1251143620
1299,11,8973,5.0,1230785984
1300,11,8977,3.5,1230784216
1301,11,26462,3.0,1230785942
1302,11,26509,5.0,1251169509
1303,11,26887,3.5,1251169624
1304,11,26913,4.5,1251143713
1305,11,27311,3.0,1251142875
1306,11,27338,2.0,1230858750
1307,11,27368,4.0,1230785619
1308,11,27441,5.0,1251143041
1309,11,27608,5.0,1230788278
1310,11,27660,5.0,1230785191
1311,11,27728,4.5,1230788663
1312,11,27793,0.5,1251170305
1313,11,27865,1.0,1230785814
1314,11,27904,5.0,1230788788
1315,11,30707,5.0,1294796176
1316,11,30793,5.0,1230854026
1317,11,30812,4.0,1230785798
1318,11,31184,5.0,1230785400
1319,11,31429,5.0,1230784314
1320,11,31553,4.0,1230787613
1321,11,31555,5.0,1230788988
1322,11,31658,5.0,1230787512
1323,11,31660,4.5,1251170533
1324,11,31878,5.0,1230854021
1325,11,32031,3.5,1230789334
1326,11,32213,4.5,1230788015
1327,11,33085,5.0,1230785024
1328,11,33166,4.5,1230920268
1329,11,33493,5.0,1230920155
1330,11,33585,5.0,1230783564
1331,11,33660,4.0,1230920250
1332,11,33679,4.5,1230854017
1333,11,33794,4.0,1230920206
1334,11,34048,5.0,1230788489
1335,11,34150,4.0,1230789106
1336,11,34319,4.0,1230788451
1337,11,34334,0.5,1230787725
1338,11,34338,4.0,1230785494
1339,11,34542,5.0,1294796038
1340,11,35836,5.0,1230783482
1341,11,36401,4.0,1230856670
1342,11,36509,3.5,1230787648
1343,11,36931,4.5,1251143384
1344,11,37380,2.0,1230787597
1345,11,37386,1.5,1230784056
1346,11,37830,5.0,1230788438
1347,11,39446,1.5,1230856665
1348,11,40339,3.0,1230789118
1349,11,41566,4.5,1230920167
1350,11,41569,5.0,1294795811
1351,11,41571,5.0,1230856660
1352,11,42718,3.5,1230788616
1353,11,43419,2.0,1230786118
1354,11,43556,5.0,1230785199
1355,11,43928,2.5,1230788917
1356,11,43932,3.5,1251169611
1357,11,43936,2.5,1230783198
1358,11,44189,1.5,1230785581
1359,11,44191,4.0,1251170242
1360,11,44225,0.5,1230785414
1361,11,44731,5.0,1251170347
1362,11,44828,0.5,1230789373
1363,11,44849,4.5,1230788771
1364,11,45361,5.0,1230784705
1365,11,45499,5.0,1230788427
1366,11,45722,4.5,1230854012
1367,11,46530,3.0,1230789433
1368,11,46578,5.0,1294796119
1369,11,47124,3.5,1230785226
1370,11,48304,5.0,1230785341
1371,11,48394,4.5,1230854006
1372,11,48516,4.5,1294795982
1373,11,48738,4.0,1294796106
1374,11,48774,4.0,1294795934
1375,11,48943,1.0,1230788041
1376,11,49205,4.5,1230787867
1377,11,49278,4.5,1230788611
1378,11,50162,3.5,1230785566
1379,11,50442,3.0,1230784448
1380,11,50872,4.5,1230854003
1381,11,51412,4.0,1230789129
1382,11,51662,5.0,1230783438
1383,11,51666,3.0,1230783625
1384,11,51698,3.5,1251169711
1385,11,52281,4.0,1230788678
1386,11,52287,3.5,1230788355
1387,11,52328,5.0,1251170202
1388,11,52722,4.5,1230788333
1389,11,52885,4.5,1230788759
1390,11,53000,5.0,1230783397
1391,11,53125,4.0,1251143633
1392,11,53464,4.5,1230787808
1393,11,53953,4.5,1230783161
1394,11,53996,4.5,1251169551
1395,11,54001,5.0,1230853997
1396,11,54278,3.0,1230787891
1397,11,54771,4.5,1230789079
1398,11,54995,4.0,1251170120
1399,11,55190,4.0,1251143616
1400,11,55232,3.0,1230787842
1401,11,55282,2.0,1230783428
1402,11,55603,3.0,1230920162
1403,11,55999,4.5,1251143246
1404,11,56003,1.0,1230787939
1405,11,56145,5.0,1251170092
1406,11,56174,5.0,1230789569
1407,11,56251,3.0,1230788646
1408,11,56757,5.0,1230856654
1409,11,56801,5.0,1230783616
1410,11,56949,4.0,1230783384
1411,11,57223,1.5,1230787763
1412,11,57368,3.5,1230788571
1413,11,57509,3.5,1230920171
1414,11,57640,4.5,1230788684
1415,11,57949,5.0,1294794526
1416,11,58025,3.0,1230789065
1417,11,58293,4.5,1230783046
1418,11,58559,5.0,1230920279
1419,11,58652,5.0,1230788372
1420,11,59014,2.0,1230787729
1421,11,59315,5.0,1230788705
1422,11,59376,0.5,1251143876
1423,11,59418,5.0,1230784666
1424,11,59615,2.5,1251143180
1425,11,60037,5.0,1230787639
1426,11,60040,4.0,1230788448
1427,11,60069,5.0,1230787565
1428,11,60161,2.0,1230788649
1429,11,60514,3.5,1230787963
1430,11,60516,3.0,1230789222
1431,11,60524,4.0,1230785715
1432,11,60684,5.0,1251170254
1433,11,60760,4.5,1230787942
1434,11,60832,4.5,1230850617
1435,11,61248,1.5,1251170429
1436,11,61465,3.0,1230787279
1437,11,62265,4.0,1251142927
1438,11,62956,2.0,1251170520
1439,11,63859,4.5,1251143342
1440,11,64034,4.5,1251144218
1441,11,64497,5.0,1251170364
1442,11,64508,0.5,1251170322
1443,11,64614,4.0,1294796033
1444,11,64997,5.0,1251170446
1445,11,64999,0.5,1230858779
1446,11,65037,3.0,1230858735
1447,11,65514,4.0,1294796070
1448,11,66171,4.5,1251169681
1449,11,66297,3.0,1251170047
1450,11,67197,4.0,1251170472
1451,11,67295,4.0,1251143165
1452,11,67365,3.5,1294795647
1453,11,67799,0.5,1251169655
1454,11,67867,2.5,1251170355
1455,11,68263,0.5,1251143812
1456,11,68319,5.0,1251169682
1457,11,69526,5.0,1251170492
1458,11,69945,4.5,1294794549
1459,11,70227,2.5,1250312013
1460,11,70305,0.5,1250311985
1461,11,71282,5.0,1294796015
1462,11,72641,5.0,1294795915
1463,11,82095,1.0,1294794506
1464,12,1,4.0,859063718
1465,12,3,3.0,859063774
1466,12,5,2.0,859063774
1467,12,6,3.0,859063774
1468,12,7,3.0,859063774
1469,12,17,3.0,859063719
1470,12,32,3.0,859063717
1471,12,34,4.0,859063997
1472,12,36,4.0,859063774
1473,12,95,3.0,859063719
1474,12,104,4.0,859063825
1475,12,110,4.0,859064062
1476,12,208,3.0,859064000
1477,12,231,3.0,859064063
1478,12,260,4.0,859063825
1479,12,344,4.0,859063995
1480,12,356,4.0,859064001
1481,12,364,4.0,859064062
1482,12,376,3.0,859063825
1483,12,380,4.0,859063994
1484,12,480,3.0,859064062
1485,12,494,3.0,859063774
1486,12,527,4.0,859064062
1487,12,585,3.0,859064062
1488,12,589,4.0,859063998
1489,12,590,3.0,859063999
1490,12,595,4.0,859064062
1491,12,608,5.0,859063774
1492,12,648,3.0,859063718
1493,12,653,4.0,859063825
1494,12,733,4.0,859063774
1495,12,736,3.0,859063717
1496,12,780,3.0,859063717
1497,12,784,4.0,859063825
1498,12,786,4.0,859063774
1499,12,788,4.0,859063825
1500,13,1,4.0,849082891
1501,13,2,3.0,849082742
1502,13,10,3.0,849082472
1503,13,11,4.0,849082685
1504,13,19,3.0,849082571
1505,13,32,5.0,849082617
1506,13,34,1.0,849082541
1507,13,39,3.0,849082617
1508,13,47,5.0,849082518
1509,13,95,4.0,849082891
1510,13,110,5.0,849082472
1511,13,150,5.0,849082366
1512,13,153,3.0,849082393
1513,13,160,4.0,849082651
1514,13,161,5.0,849082472
1515,13,165,3.0,849082393
1516,13,173,3.0,849082697
1517,13,185,4.0,849082472
1518,13,225,4.0,849082617
1519,13,231,3.0,849082419
1520,13,236,3.0,849082891
1521,13,253,5.0,849082498
1522,13,266,5.0,849082652
1523,13,282,3.0,849082742
1524,13,292,5.0,849082451
1525,13,296,5.0,849082366
1526,13,300,2.0,849082541
1527,13,315,4.0,849082742
1528,13,316,3.0,849082419
1529,13,317,3.0,849082652
1530,13,318,5.0,849082451
1531,13,339,3.0,849082498
1532,13,344,3.0,849082393
1533,13,349,3.0,849082419
1534,13,350,4.0,849082651
1535,13,356,5.0,849082419
1536,13,357,3.0,849082617
1537,13,364,3.0,849082518
1538,13,367,4.0,849082518
1539,13,377,4.0,849082498
1540,13,380,2.0,849082366
1541,13,410,3.0,849082541
1542,13,420,4.0,849082617
1543,13,432,3.0,849082697
1544,13,434,4.0,849082450
1545,13,435,4.0,849082697
1546,13,442,4.0,849082742
1547,13,457,5.0,849082393
1548,13,474,4.0,849082697
1549,13,480,3.0,849082451
1550,13,500,5.0,849082518
1551,13,508,5.0,849082891
1552,13,509,4.0,849082742
1553,13,527,5.0,849082571
1554,13,539,3.0,849082571
1555,13,553,5.0,849082891
1556,13,588,1.0,849082393
1557,13,589,4.0,849082498
1558,13,590,4.0,849082366
1559,13,592,3.0,849082366
1560,13,595,2.0,849082419
1561,13,597,5.0,849082541
1562,14,1,4.5,1225311239
1563,14,7,3.5,1225320254
1564,14,17,5.0,1225309027
1565,14,34,3.0,1225319900
1566,14,62,4.0,1225320095
1567,14,150,5.0,1225310931
1568,14,252,4.0,1225320408
1569,14,260,4.0,1225311540
1570,14,277,4.0,1225309974
1571,14,314,4.0,1225311961
1572,14,316,3.0,1225319890
1573,14,339,4.5,1225316659
1574,14,344,2.0,1225319870
1575,14,356,4.0,1225311411
1576,14,364,4.5,1225316769
1577,14,368,4.5,1225320198
1578,14,440,4.5,1225320131
1579,14,452,4.5,1225309639
1580,14,457,3.5,1225311292
1581,14,468,3.5,1225320550
1582,14,471,5.0,1225308771
1583,14,480,4.0,1225319827
1584,14,497,4.5,1225311094
1585,14,500,2.0,1225319897
1586,14,520,2.0,1225320281
1587,14,529,5.0,1225311256
1588,14,534,4.0,1225311332
1589,14,539,1.5,1225309634
1590,14,551,2.0,1225309964
1591,14,552,3.5,1225320328
1592,14,586,2.5,1225319965
1593,14,587,2.5,1225319918
1594,14,588,4.0,1225319859
1595,14,594,3.5,1225320185
1596,14,595,4.5,1225310745
1597,14,728,4.5,1225311400
1598,14,745,4.0,1225311032
1599,14,780,3.0,1225309007
1600,14,783,3.0,1225320402
1601,14,802,3.0,1225320319
1602,14,838,4.0,1225311724
1603,14,898,4.5,1225313864
1604,14,899,3.5,1225314094
1605,14,902,3.0,1225320471
1606,14,910,2.0,1225309945
1607,14,911,4.0,1225314137
1608,14,924,3.5,1225320113
1609,14,927,3.5,1225309940
1610,14,951,3.5,1225309294
1611,14,953,3.5,1225314327
1612,14,954,4.5,1225309290
1613,14,955,4.5,1225314294
1614,14,1010,3.5,1225309283
1615,14,1013,3.5,1225310377
1616,14,1020,3.0,1225308897
1617,14,1022,4.0,1225314883
1618,14,1023,4.5,1225314376
1619,14,1028,3.0,1225308749
1620,14,1042,3.5,1225308819
1621,14,1073,3.0,1225319925
1622,14,1097,3.5,1225319907
1623,14,1101,3.0,1225320149
1624,14,1136,4.0,1225314172
1625,14,1148,5.0,1225309104
1626,14,1177,3.5,1225311445
1627,14,1196,4.0,1225311548
1628,14,1197,4.5,1225311518
1629,14,1198,3.0,1225313784
1630,14,1204,4.5,1225309101
1631,14,1207,5.0,1225309931
1632,14,1210,4.0,1225319848
1633,14,1228,1.0,1225315679
1634,14,1243,5.0,1225311360
1635,14,1246,4.5,1225311371
1636,14,1262,4.5,1225309918
1637,14,1265,4.5,1225319938
1638,14,1269,4.5,1225308877
1639,14,1270,4.0,1225311286
1640,14,1271,4.0,1225320523
1641,14,1282,3.5,1225320379
1642,14,1291,4.0,1225309001
1643,14,1302,3.0,1225311921
1644,14,1396,5.0,1225308757
1645,14,1441,2.5,1225308916
1646,14,1580,3.5,1225319912
1647,14,1610,4.5,1225310936
1648,14,1682,4.5,1225309083
1649,14,1689,5.0,1225315030
1650,14,1721,2.0,1225309616
1651,14,1947,4.0,1225308833
1652,14,1954,2.5,1225320311
1653,14,1957,4.5,1225311368
1654,14,1962,2.5,1225308826
1655,14,2009,1.0,1225309247
1656,14,2010,3.5,1225317394
1657,14,2012,4.0,1225309893
1658,14,2018,3.0,1225310728
1659,14,2046,3.0,1225310323
1660,14,2049,3.0,1225314789
1661,14,2054,2.5,1225309866
1662,14,2059,4.5,1225316726
1663,14,2078,4.0,1225309886
1664,14,2081,3.0,1225309862
1665,14,2083,4.0,1225311420
1666,14,2087,3.5,1225310319
1667,14,2094,4.0,1225309858
1668,14,2100,3.0,1225316569
1669,14,2105,3.5,1225308809
1670,14,2115,3.5,1225320177
1671,14,2125,4.5,1225310313
1672,14,2150,4.5,1225313489
1673,14,2161,3.5,1225320490
1674,14,2174,3.0,1225309077
1675,14,2193,3.5,1225309072
1676,14,2294,3.5,1225309854
1677,14,2324,4.5,1225311280
1678,14,2355,3.5,1225320159
1679,14,2394,5.0,1225308907
1680,14,2405,3.0,1225308905
1681,14,2406,3.0,1225309059
1682,14,2414,4.0,1225309235
1683,14,2420,3.0,1225309057
1684,14,2424,3.0,1225308795
1685,14,2470,3.0,1225308768
1686,14,2501,4.5,1225311208
1687,14,2559,1.0,1225310271
1688,14,2571,3.0,1225314805
1689,14,2628,2.5,1225319932
1690,14,2687,4.5,1225310245
1691,14,2716,3.5,1225308996
1692,14,2724,4.5,1225320565
1693,14,2761,4.0,1225314416
1694,14,2791,2.5,1225309816
1695,14,2797,3.5,1225316404
1696,14,2804,3.5,1225320375
1697,14,2918,3.0,1225320142
1698,14,2966,3.5,1225309222
1699,14,2987,3.0,1225320118
1700,14,3033,3.0,1225320427
1701,14,3088,4.5,1225313948
1702,14,3097,4.0,1225313966
1703,14,3114,4.5,1225308990
1704,14,3156,3.0,1225309215
1705,14,3175,4.5,1225320332
1706,14,3269,2.5,1225310217
1707,14,3347,3.0,1225315345
1708,14,3360,4.0,1225311672
1709,14,3396,4.0,1225309203
1710,14,3397,4.0,1225309200
1711,14,3471,4.0,1225309048
1712,14,3512,4.5,1225310197
1713,14,3548,3.5,1225314958
1714,14,3675,4.0,1225317113
1715,14,3723,4.0,1225309436
1716,14,3751,4.5,1225309045
1717,14,3809,4.0,1225320022
1718,14,3916,4.0,1225311384
1719,14,4022,4.5,1225316538
1720,14,4027,3.5,1225315962
1721,14,4306,3.5,1225311315
1722,14,4366,3.5,1225310657
1723,14,4499,3.5,1225310154
1724,14,4535,4.0,1225311347
1725,14,4886,4.5,1225314431
1726,14,4896,4.0,1225320347
1727,14,4921,4.5,1225314905
1728,14,4995,5.0,1225310941
1729,14,5066,4.0,1225316254
1730,14,5218,4.0,1225310960
1731,14,5267,4.0,1225311858
1732,14,5299,4.5,1225309761
1733,14,5303,4.0,1225316547
1734,14,5309,2.5,1225310583
1735,14,5349,2.5,1225312010
1736,14,5380,4.5,1225310946
1737,14,5470,4.0,1225314064
1738,14,5602,3.0,1225314068
1739,14,5620,4.0,1225309177
1740,14,5629,4.5,1225317185
1741,14,5667,4.0,1225309752
1742,14,5747,3.5,1225310572
1743,14,5957,4.5,1225310819
1744,14,6297,5.0,1225311988
1745,14,6358,3.5,1225311380
1746,14,6377,4.5,1225314397
1747,14,6424,5.0,1225310675
1748,14,6533,4.0,1225311863
1749,14,6550,4.0,1225309386
1750,14,6639,3.0,1225312154
1751,14,6662,3.5,1225314921
1752,14,6753,5.0,1225309380
1753,14,6776,4.5,1225311248
1754,14,6863,1.0,1225315996
1755,14,6936,3.5,1225310080
1756,14,6979,3.5,1225316325
1757,14,7075,4.0,1225309720
1758,14,7161,4.0,1225309374
1759,14,7263,4.5,1225310522
1760,14,7395,4.0,1225314389
1761,14,8039,4.0,1225313922
1762,14,8360,4.5,1225310965
1763,14,8376,3.5,1225309153
1764,14,8529,3.5,1225316387
1765,14,8574,4.0,1225314141
1766,14,8580,4.0,1225314414
1767,14,8633,3.5,1225310496
1768,14,8695,4.0,1225310493
1769,14,8884,3.0,1225316556
1770,14,8961,4.0,1225308746
1771,14,8965,4.5,1225310484
1772,14,8970,4.0,1225310046
1773,14,8984,3.5,1225310044
1774,14,25752,4.0,1225311048
1775,14,26084,4.0,1225309696
1776,14,26133,4.0,1225311019
1777,14,26294,4.0,1225311909
1778,14,27706,4.5,1225309158
1779,14,31658,4.0,1225314489
1780,14,36401,1.5,1225310464
1781,14,36525,4.5,1225311849
1782,14,37739,4.0,1225311219
1783,14,38038,3.5,1225314258
1784,14,40339,4.0,1225310793
1785,14,40629,4.5,1225314619
1786,14,41566,4.5,1225311352
1787,14,44022,4.0,1225310443
1788,14,44709,5.0,1225310922
1789,14,45431,5.0,1225309345
1790,14,45517,4.5,1225311873
1791,14,45668,3.5,1225316643
1792,14,46062,3.5,1225320627
1793,14,46976,4.5,1225311587
1794,14,48982,4.0,1225311925
1795,14,50160,4.5,1225311620
1796,14,50872,4.5,1225310007
1797,14,51471,5.0,1225310898
1798,14,52287,5.0,1225310704
1799,14,53464,2.5,1225309672
1800,14,54004,1.0,1225309996
1801,14,55267,3.0,1225311404
1802,14,56915,3.5,1225314270
1803,14,60069,5.0,1225311071
1804,14,60487,4.0,1225316148
1805,15,10,2.0,840207465
1806,15,11,3.0,840207537
1807,15,14,2.0,840207366
1808,15,17,3.0,840206835
1809,15,21,3.0,840206835
1810,15,34,4.0,840206835
1811,15,36,3.0,840207537
1812,15,39,3.0,840207039
1813,15,50,3.0,840207617
1814,15,141,3.0,840207366
1815,15,150,4.0,840206642
1816,15,153,2.0,840206704
1817,15,161,3.0,840206786
1818,15,165,2.0,840206704
1819,15,231,3.0,840206747
1820,15,246,4.0,840207537
1821,15,296,3.0,840206642
1822,15,300,3.0,840207686
1823,15,318,3.0,840206786
1824,15,326,3.0,840207366
1825,15,329,3.0,840206786
1826,15,344,3.0,840206704
1827,15,349,3.0,840206704
1828,15,356,5.0,840207039
1829,15,364,4.0,840207618
1830,15,377,3.0,840207618
1831,15,380,3.0,840206642
1832,15,434,2.0,840206786
1833,15,440,3.0,840207686
1834,15,457,4.0,840206747
1835,15,474,4.0,840207465
1836,15,480,3.0,840207039
1837,15,497,3.0,840207748
1838,15,500,3.0,840207465
1839,15,508,3.0,840207537
1840,15,515,4.0,840207748
1841,15,527,5.0,840207464
1842,15,534,3.0,840207748
1843,15,539,4.0,840207686
1844,15,586,3.0,840207366
1845,15,588,3.0,840206704
1846,15,590,3.0,840206642
1847,15,592,3.0,840206642
1848,15,593,3.0,840206747
1849,15,594,4.0,840207686
1850,15,595,3.0,840206747
1851,15,596,4.0,840207748
1852,15,608,4.0,840207465
1853,15,780,3.0,840207618
1854,16,1,3.0,990969772
1855,16,6,3.0,990969532
1856,16,39,4.0,990969977
1857,16,122,4.0,990970136
1858,16,223,3.0,990969977
1859,16,356,4.0,990970295
1860,16,539,3.0,990970213
1861,16,550,5.0,990970069
1862,16,587,5.0,990970295
1863,16,915,3.0,990969738
1864,16,916,5.0,990970091
1865,16,934,4.0,990969738
1866,16,1060,3.0,990970069
1867,16,1126,3.0,990969709
1868,16,1136,3.0,990969672
1869,16,1197,5.0,990969738
1870,16,1257,2.0,990970069
1871,16,1265,5.0,990969912
1872,16,1285,2.0,990969803
1873,16,1307,3.0,990969772
1874,16,1380,5.0,990970114
1875,16,1394,2.0,990969803
1876,16,1500,5.0,990970295
1877,16,1580,4.0,990970213
1878,16,1753,5.0,990970295
1879,16,1923,4.0,990969772
1880,16,2100,3.0,990970114
1881,16,2144,4.0,990970042
1882,16,2245,3.0,990970295
1883,16,2248,4.0,990969950
1884,16,2262,3.0,990969571
1885,16,2372,3.0,990969593
1886,16,2396,3.0,990969593
1887,16,2406,4.0,990970114
1888,16,2407,2.0,990970153
1889,16,2470,4.0,990970042
1890,16,2716,5.0,990969738
1891,16,2747,1.0,990969912
1892,16,2759,2.0,990969977
1893,16,2791,4.0,990969772
1894,16,2858,2.0,990969772
1895,16,2867,3.0,990970042
1896,16,2889,3.0,990970213
1897,16,2918,3.0,990969738
1898,16,2924,5.0,990969855
1899,16,2997,2.0,990969995
1900,16,3101,3.0,990969571
1901,16,3210,4.0,990970189
1902,16,3461,4.0,990969571
1903,16,3477,3.0,990969709
1904,16,3536,1.0,990970213
1905,16,3548,5.0,990969772
1906,16,3608,3.0,990969977
1907,16,3760,5.0,990969912
1908,16,3773,3.0,990969879
1909,16,3868,5.0,990969879
1910,16,4066,4.0,990969672
1911,16,4085,4.0,990970169
1912,16,4089,4.0,990970189
1913,16,4321,3.0,990969977
1914,17,6,4.0,978765863
1915,17,110,4.0,978765863
1916,17,377,3.0,978765886
1917,17,457,5.0,978765863
1918,17,480,3.0,978765863
1919,17,648,3.0,979686312
1920,17,1233,4.0,989445421
1921,17,1270,4.0,978765504
1922,17,1580,4.0,979686312
1923,17,1608,4.0,978765350
1924,17,1610,4.0,979686275
1925,17,1876,3.0,978765886
1926,17,2002,3.0,979686312
1927,17,2028,5.0,979686250
1928,17,2353,4.0,979686275
1929,17,2683,5.0,978765402
1930,17,3082,4.0,944228663
1931,17,3101,5.0,978765486
1932,17,3256,5.0,979686275
1933,17,3578,5.0,979686183
1934,17,3753,5.0,979686183
1935,17,3755,4.0,979686183
1936,17,3996,4.0,989543725
1937,17,4019,4.0,989363249
1938,17,4639,4.0,998691698
1939,17,4700,3.0,999290608
1940,18,186,4.0,1267347706
1941,18,260,1.0,1195573695
1942,18,296,4.0,1195573677
1943,18,318,4.5,1195573672
1944,18,356,4.0,1195573680
1945,18,383,3.0,1195573228
1946,18,426,1.0,1195573300
1947,18,480,1.5,1195573666
1948,18,527,4.0,1195573707
1949,18,588,4.0,1195573712
1950,18,592,3.0,1195573690
1951,18,593,3.5,1195573661
1952,18,608,4.0,1195573716
1953,18,830,2.0,1195573174
1954,18,858,4.0,1236356241
1955,18,912,5.0,1283426281
1956,18,1201,5.0,1196423585
1957,18,1206,4.0,1196423622
1958,18,1209,4.0,1196423372
1959,18,1211,4.5,1196423259
1960,18,1221,3.5,1236356224
1961,18,1230,4.5,1236293194
1962,18,1247,4.0,1196423551
1963,18,1252,4.5,1196423490
1964,18,1270,2.0,1236356476
1965,18,1283,4.0,1195573248
1966,18,1305,4.5,1196423234
1967,18,1371,2.0,1236293443
1968,18,1417,3.0,1264288804
1969,18,1580,2.5,1236356556
1970,18,1641,4.0,1236292683
1971,18,1784,4.0,1262461363
1972,18,1952,4.0,1195573195
1973,18,1955,2.5,1195573262
1974,18,1958,2.0,1195573225
1975,18,2023,2.5,1236356245
1976,18,2085,3.0,1195573179
1977,18,2289,4.0,1234304051
1978,18,2375,2.0,1263940759
1979,18,2402,1.0,1236292957
1980,18,2403,1.0,1236292945
1981,18,2404,1.0,1236292961
1982,18,2571,3.0,1236356282
1983,18,2641,2.5,1195573152
1984,18,2739,3.0,1195573233
1985,18,2762,3.5,1236356454
1986,18,2858,3.5,1195573728
1987,18,2950,2.0,1195573321
1988,18,2997,4.0,1236293533
1989,18,3083,5.0,1196423511
1990,18,3426,4.0,1234208115
1991,18,3507,4.0,1195573347
1992,18,3812,3.5,1236293215
1993,18,3967,3.5,1236293267
1994,18,4041,3.0,1195573314
1995,18,4280,4.0,1195573368
1996,18,4306,3.0,1283426195
1997,18,4313,2.5,1214135891
1998,18,4428,3.5,1262461295
1999,18,4447,2.0,1236292988
